last name,first name,email,zipcode,city,state,address,phone number
Panek,Michael,,84105,Salt Lake City,UT,1434 Wilson Ave.,801-362-6000
Cebulski,Kate,,84102,Salt Lake City,UT,1033 Barbara Pl Apt 2,801-550-5000
Engel,Megan,,84102,Salt Lake City,UT,219 Elizabeth St.,8015505000
Gilbert,Kristen,,84121,Salt Lake City,UT,1343 Ashwood Circle,8015505000
Myett,Student,,84106,Salt lake city,UT,834 E. Pond View Way,8015505000
Xx,Adrienne,,84121,Salt Lake City,UT,1213 Medical Plaza,8015505000
Ludmer,Eileen,,84103,Salt Lake City,UT,723 11th Avenue,8015505000
Boozel,Alex,,84103,Salt Lake City,UT,220 A Street,8015505000
Berkley,Susan,,84102,Salt Lake City,UT,1033 Barbara Pl,8015505000
Kopkin,Emma,,84102,Salt Lake City,UT,1033 Barbara Pl,8015505000
Armacost,Kate,,84102,Salt Lake City,UT,1033 Barbara Pl,8015505000
Woolworth,Lindsey,,84111,salt lake city,UT,350 south 200 east #406,801 359-4000
Wynn,Rich,,84109,Salt Lake City,UT,2887 Wainwright Road,8015505000
